<metadata xml:lang="es"><Esri><CreaDate>20210128</CreaDate><CreaTime>14511500</CreaTime><ArcGISFormat>1.0</ArcGISFormat><ArcGISstyle>North American Profile of ISO19115 2003</ArcGISstyle><SyncOnce>FALSE</SyncOnce><DataProperties><lineage><Process ToolSource="c:\program files (x86)\arcgis\desktop10.5\ArcToolbox\Toolboxes\Data Management Tools.tbx\CalculateField" Date="20210128" Time="143512" Name="" export="">CalculateField terrenos_vta_4°trimestre_2020_v2 PropiedadS [M2] VB #</Process><Process ToolSource="c:\program files (x86)\arcgis\desktop10.5\ArcToolbox\Toolboxes\Data Management Tools.tbx\CalculateField" Date="20210128" Time="143522" Name="" export="">CalculateField terrenos_vta_4°trimestre_2020_v2 PrecioUsd [DOLARES] VB #</Process><Process ToolSource="c:\program files (x86)\arcgis\desktop10.5\ArcToolbox\Toolboxes\Data Management Tools.tbx\CalculateField" Date="20210128" Time="143534" Name="" export="">CalculateField terrenos_vta_4°trimestre_2020_v2 PrecioPeso [PESOS] VB #</Process><Process ToolSource="c:\program files (x86)\arcgis\desktop10.5\ArcToolbox\Toolboxes\Data Management Tools.tbx\CalculateField" Date="20210128" Time="143544" Name="" export="">CalculateField terrenos_vta_4°trimestre_2020_v2 UsdPorM2 [U_S_M2] VB #</Process><Process ToolSource="c:\program files (x86)\arcgis\desktop10.5\ArcToolbox\Toolboxes\Data Management Tools.tbx\CalculateField" Date="20210128" Time="143555" Name="" export="">CalculateField terrenos_vta_4°trimestre_2020_v2 PesosPorM2 [ARS_M2] VB #</Process><Process ToolSource="c:\program files (x86)\arcgis\desktop10.5\ArcToolbox\Toolboxes\Data Management Tools.tbx\CalculateField" Date="20210128" Time="143642" Name="" export="">CalculateField terrenos_vta_4°trimestre_2020_v2 ANTIG "[ANTIG_] " VB #</Process><Process ToolSource="c:\program files (x86)\arcgis\desktop10.5\ArcToolbox\Toolboxes\Data Management Tools.tbx\CalculateField" Date="20210128" Time="143852" Name="" export="">CalculateField terrenos_vta_4°trimestre_2020_v2 fecha_1 [FECHA] VB #</Process><Process ToolSource="c:\program files (x86)\arcgis\desktop10.5\ArcToolbox\Toolboxes\Data Management Tools.tbx\CalculateField" Date="20210128" Time="143918" Name="" export="">CalculateField terrenos_vta_4°trimestre_2020_v2 Fecha [fecha_1] VB #</Process><Process ToolSource="c:\program files (x86)\arcgis\desktop10.5\ArcToolbox\Toolboxes\Data Management Tools.tbx\CalculateField" Date="20210128" Time="144046" Name="" export="">CalculateField terrenos_vta_4°trimestre_2020_v2 calle_1 [CALLE] VB #</Process><Process ToolSource="c:\program files (x86)\arcgis\desktop10.5\ArcToolbox\Toolboxes\Data Management Tools.tbx\CalculateField" Date="20210128" Time="144116" Name="" export="">CalculateField terrenos_vta_4°trimestre_2020_v2 CALLE [calle_1] VB #</Process><Process ToolSource="c:\program files (x86)\arcgis\desktop10.5\ArcToolbox\Toolboxes\Data Management Tools.tbx\CalculateField" Date="20210128" Time="144616" Name="" export="">CalculateField terrenos_vta_4°trimestre_2020_v2 ob [OBS] VB #</Process><Process ToolSource="c:\program files (x86)\arcgis\desktop10.5\ArcToolbox\Toolboxes\Data Management Tools.tbx\CalculateField" Date="20210128" Time="144646" Name="" export="">CalculateField terrenos_vta_4°trimestre_2020_v2 OBS [ob] VB #</Process><Process ToolSource="c:\program files (x86)\arcgis\desktop10.5\ArcToolbox\Toolboxes\Data Management Tools.tbx\Merge" Date="20210128" Time="144827" Name="" export="">Merge terrenos_vta_4°trimestre_2020_v2;201222_Terrenos_Vta_1°Semestre_2020;200929_terreno_vta_3trimestre_v3 C:\Users\Usuario\Documents\ArcGIS\Default.gdb\terrenos_vta_4°trimestre_2023 "FID_1 "FID_1" true true false 10 Long 0 10 ,First,#,terrenos_vta_4°trimestre_2020_v2,FID_1,-1,-1,201222_Terrenos_Vta_1°Semestre_2020,FID_1,-1,-1,200929_terreno_vta_3trimestre_v3,FID_1,-1,-1;NUMERO "NUMERO" true true false 10 Long 0 10 ,First,#,terrenos_vta_4°trimestre_2020_v2,NUMERO,-1,-1,201222_Terrenos_Vta_1°Semestre_2020,NUMERO,-1,-1,200929_terreno_vta_3trimestre_v3,NUMERO,-1,-1;COTIZ "COTIZ" true true false 13 Float 0 0 ,First,#,terrenos_vta_4°trimestre_2020_v2,COTIZ,-1,-1,201222_Terrenos_Vta_1°Semestre_2020,COTIZ,-1,-1,200929_terreno_vta_3trimestre_v3,COTIZ,-1,-1;FUENTE "FUENTE" true true false 108 Text 0 0 ,First,#,terrenos_vta_4°trimestre_2020_v2,FUENTE,-1,-1,201222_Terrenos_Vta_1°Semestre_2020,FUENTE,-1,-1,200929_terreno_vta_3trimestre_v3,FUENTE,-1,-1;FID_2 "FID_2" true true false 10 Long 0 10 ,First,#,terrenos_vta_4°trimestre_2020_v2,FID_2,-1,-1,201222_Terrenos_Vta_1°Semestre_2020,FID_2,-1,-1,200929_terreno_vta_3trimestre_v3,FID_2,-1,-1;BARRIOS "BARRIOS" true true false 18 Text 0 0 ,First,#,terrenos_vta_4°trimestre_2020_v2,BARRIOS,-1,-1,201222_Terrenos_Vta_1°Semestre_2020,BARRIOS,-1,-1,200929_terreno_vta_3trimestre_v3,BARRIOS,-1,-1;COMUNA "COMUNA" true true false 10 Long 0 10 ,First,#,terrenos_vta_4°trimestre_2020_v2,COMUNA,-1,-1,201222_Terrenos_Vta_1°Semestre_2020,COMUNA,-1,-1,200929_terreno_vta_3trimestre_v3,COMUNA,-1,-1;ZONA "ZONA" true true false 50 Text 0 0 ,First,#,terrenos_vta_4°trimestre_2020_v2,ZONA,-1,-1,201222_Terrenos_Vta_1°Semestre_2020,ZONA,-1,-1,200929_terreno_vta_3trimestre_v3,ZONA,-1,-1;ALICUOTA "ALICUOTA" true true false 19 Double 0 0 ,First,#,terrenos_vta_4°trimestre_2020_v2,ALICUOTA,-1,-1,201222_Terrenos_Vta_1°Semestre_2020,ALICUOTA,-1,-1,200929_terreno_vta_3trimestre_v3,ALICUOTA,-1,-1;FID_3 "FID_3" true true false 10 Long 0 10 ,First,#,terrenos_vta_4°trimestre_2020_v2,FID_3,-1,-1,201222_Terrenos_Vta_1°Semestre_2020,FID_3,-1,-1,200929_terreno_vta_3trimestre_v3,FID_3,-1,-1;OBJECTID "OBJECTID" true true false 10 Long 0 10 ,First,#,terrenos_vta_4°trimestre_2020_v2,OBJECTID,-1,-1,201222_Terrenos_Vta_1°Semestre_2020,OBJECTID,-1,-1,200929_terreno_vta_3trimestre_v3,OBJECTID,-1,-1;Zona_1 "Zona_1" true true false 50 Text 0 0 ,First,#,terrenos_vta_4°trimestre_2020_v2,Zona_1,-1,-1,201222_Terrenos_Vta_1°Semestre_2020,Zona_1,-1,-1,200929_terreno_vta_3trimestre_v3,Zona_1,-1,-1;Shape_Leng "Shape_Leng" true true false 19 Double 0 0 ,First,#,terrenos_vta_4°trimestre_2020_v2,Shape_Leng,-1,-1,201222_Terrenos_Vta_1°Semestre_2020,Shape_Leng,-1,-1,200929_terreno_vta_3trimestre_v3,Shape_Leng,-1,-1;Shape_Area "Shape_Area" true true false 19 Double 0 0 ,First,#,terrenos_vta_4°trimestre_2020_v2,Shape_Area,-1,-1,200929_terreno_vta_3trimestre_v3,Shape_Area,-1,-1;PropiedadS "PropiedadS" true true false 19 Double 0 0 ,First,#,terrenos_vta_4°trimestre_2020_v2,PropiedadS,-1,-1,201222_Terrenos_Vta_1°Semestre_2020,PropiedadS,-1,-1,200929_terreno_vta_3trimestre_v3,PropiedadS,-1,-1;PrecioUsd "PrecioUsd" true true false 19 Double 0 0 ,First,#,terrenos_vta_4°trimestre_2020_v2,PrecioUsd,-1,-1,201222_Terrenos_Vta_1°Semestre_2020,PrecioUsd,-1,-1,200929_terreno_vta_3trimestre_v3,PrecioUsd,-1,-1;PrecioPeso "PrecioPeso" true true false 19 Double 0 0 ,First,#,terrenos_vta_4°trimestre_2020_v2,PrecioPeso,-1,-1,201222_Terrenos_Vta_1°Semestre_2020,PrecioPeso,-1,-1,200929_terreno_vta_3trimestre_v3,PrecioPeso,-1,-1;UsdPorM2 "UsdPorM2" true true false 19 Double 0 0 ,First,#,terrenos_vta_4°trimestre_2020_v2,UsdPorM2,-1,-1,201222_Terrenos_Vta_1°Semestre_2020,UsdPorM2,-1,-1,200929_terreno_vta_3trimestre_v3,UsdPorM2,-1,-1;PesosPorM2 "PesosPorM2" true true false 19 Double 0 0 ,First,#,terrenos_vta_4°trimestre_2020_v2,PesosPorM2,-1,-1,201222_Terrenos_Vta_1°Semestre_2020,PesosPorM2,-1,-1,200929_terreno_vta_3trimestre_v3,PesosPorM2,-1,-1;ANTIG "ANTIG" true true false 254 Text 0 0 ,First,#,terrenos_vta_4°trimestre_2020_v2,ANTIG,-1,-1,201222_Terrenos_Vta_1°Semestre_2020,ANTIG,-1,-1,200929_terreno_vta_3trimestre_v3,ANTIG,-1,-1;Fecha "Fecha" true true false 8 Date 0 0 ,First,#,terrenos_vta_4°trimestre_2020_v2,Fecha,-1,-1,201222_Terrenos_Vta_1°Semestre_2020,FECHA,-1,-1,200929_terreno_vta_3trimestre_v3,FECHA,-1,-1;CALLE "CALLE" true true false 254 Text 0 0 ,First,#,terrenos_vta_4°trimestre_2020_v2,CALLE,-1,-1,201222_Terrenos_Vta_1°Semestre_2020,CALLE,-1,-1,200929_terreno_vta_3trimestre_v3,CALLE,-1,-1;OBS "OBS" true true false 254 Text 0 0 ,First,#,terrenos_vta_4°trimestre_2020_v2,OBS,-1,-1,201222_Terrenos_Vta_1°Semestre_2020,OBS,-1,-1,200929_terreno_vta_3trimestre_v3,OBS,-1,-1;FechaPubli "FechaPubli" true true false 8 Date 0 0 ,First,#,201222_Terrenos_Vta_1°Semestre_2020,FechaPubli,-1,-1;Latitud "Latitud" true true false 19 Double 0 0 ,First,#,201222_Terrenos_Vta_1°Semestre_2020,Latitud,-1,-1;Longitud "Longitud" true true false 19 Double 0 0 ,First,#,201222_Terrenos_Vta_1°Semestre_2020,Longitud,-1,-1;Mes "Mes" true true false 254 Text 0 0 ,First,#,201222_Terrenos_Vta_1°Semestre_2020,Mes,-1,-1;FID_1_1 "FID_1_1" true true false 10 Long 0 10 ,First,#,200929_terreno_vta_3trimestre_v3,FID_1_1,-1,-1"</Process><Process ToolSource="c:\program files (x86)\arcgis\desktop10.5\ArcToolbox\Toolboxes\Data Management Tools.tbx\CalculateField" Date="20210129" Time="122129" Name="" export="">CalculateField 210128_Terrenos_Vta_Anual2020 Trimestre "CUARTO" VB #</Process><Process ToolSource="c:\program files (x86)\arcgis\desktop10.5\ArcToolbox\Toolboxes\Data Management Tools.tbx\CalculateField" Date="20210129" Time="122213" Name="" export="">CalculateField 210128_Terrenos_Vta_Anual2020 Trimestre "SEGUNDO" VB #</Process><Process ToolSource="c:\program files (x86)\arcgis\desktop10.5\ArcToolbox\Toolboxes\Data Management Tools.tbx\CalculateField" Date="20210129" Time="122329" Name="" export="">CalculateField 210128_Terrenos_Vta_Anual2020 Trimestre "PRIMER" VB #</Process><Process ToolSource="c:\program files (x86)\arcgis\desktop10.5\ArcToolbox\Toolboxes\Data Management Tools.tbx\CalculateField" Date="20210129" Time="122351" Name="" export="">CalculateField 210128_Terrenos_Vta_Anual2020 Trimestre "SEGUNDO" VB #</Process><Process ToolSource="c:\program files (x86)\arcgis\desktop10.5\ArcToolbox\Toolboxes\Data Management Tools.tbx\CalculateField" Date="20210129" Time="132105" Name="" export="">CalculateField 210128_Terrenos_Vta_Anual2020 Trimestre "TERCER" VB #</Process><Process ToolSource="c:\program files (x86)\arcgis\desktop10.5\ArcToolbox\Toolboxes\Data Management Tools.tbx\CalculateField" Date="20210129" Time="132258" Name="" export="">CalculateField 210128_Terrenos_Vta_Anual2020 Trimestre "TERCER" VB #</Process><Process ToolSource="c:\program files (x86)\arcgis\desktop10.5\ArcToolbox\Toolboxes\Data Management Tools.tbx\CalculateField" Date="20210129" Time="135233" Name="" export="">CalculateField 210128_Terrenos_Vta_Anual2020 FUENTE "ARGENPROP" VB #</Process><Process ToolSource="c:\program files (x86)\arcgis\desktop10.3\ArcToolbox\Toolboxes\Data Management Tools.tbx\CalculateField" Date="20210517" Time="113759" Name="" export="">CalculateField 210128_Terrenos_Vta_Anual2020 DIRECCION [CALLE] VB #</Process><Process ToolSource="c:\program files (x86)\arcgis\desktop10.3\ArcToolbox\Toolboxes\Data Management Tools.tbx\CalculateField" Date="20210517" Time="114243" Name="" export="">CalculateField 210128_Terrenos_Vta_Anual2020 NUMERO_ [NUMERO] VB #</Process><Process ToolSource="c:\program files (x86)\arcgis\desktop10.3\ArcToolbox\Toolboxes\Data Management Tools.tbx\CalculateField" Date="20210517" Time="114356" Name="" export="">CalculateField 210128_Terrenos_Vta_Anual2020 DIRECCION "[CALLE] +" " + [NUMERO_]" VB #</Process><Process ToolSource="c:\program files (x86)\arcgis\desktop10.3\ArcToolbox\Toolboxes\Data Management Tools.tbx\CalculateField" Date="20210517" Time="120110" Name="" export="">CalculateField 210128_Terrenos_Vta_Anual2020 PROPIEDA_1 [PropiedadS] VB #</Process><Process ToolSource="c:\program files (x86)\arcgis\desktop10.3\ArcToolbox\Toolboxes\Data Management Tools.tbx\CalculateField" Date="20210517" Time="120214" Name="" export="">CalculateField 210128_Terrenos_Vta_Anual2020 PROPIEDADS [PROPIEDA_1] VB #</Process><Process ToolSource="c:\program files (x86)\arcgis\desktop10.3\ArcToolbox\Toolboxes\Data Management Tools.tbx\CalculateField" Date="20210517" Time="120239" Name="" export="">CalculateField 210128_Terrenos_Vta_Anual2020 PROPIEDADS [PROPIEDA_1] VB #</Process><Process ToolSource="c:\program files (x86)\arcgis\desktop10.3\ArcToolbox\Toolboxes\Data Management Tools.tbx\CalculateField" Date="20210517" Time="120309" Name="" export="">CalculateField 210128_Terrenos_Vta_Anual2020 PROPIEDADS [PROPIEDA_1] VB #</Process><Process ToolSource="c:\program files (x86)\arcgis\desktop10.3\ArcToolbox\Toolboxes\Data Management Tools.tbx\CalculateField" Date="20210517" Time="120358" Name="" export="">CalculateField 210128_Terrenos_Vta_Anual2020 PROPIEDADS [PROPIEDA_1] VB #</Process><Process ToolSource="c:\program files (x86)\arcgis\desktop10.3\ArcToolbox\Toolboxes\Data Management Tools.tbx\CalculateField" Date="20210517" Time="120557" Name="" export="">CalculateField 210128_Terrenos_Vta_Anual2020 PROPIEDADS "[PROPIEDA_1] +" "" VB #</Process><Process ToolSource="c:\program files (x86)\arcgis\desktop10.3\ArcToolbox\Toolboxes\Data Management Tools.tbx\CalculateField" Date="20210517" Time="120647" Name="" export="">CalculateField 210128_Terrenos_Vta_Anual2020 PROPIEDADS [PROPIEDA_1] VB #</Process><Process ToolSource="c:\program files (x86)\arcgis\desktop10.3\ArcToolbox\Toolboxes\Data Management Tools.tbx\CalculateField" Date="20210517" Time="120709" Name="" export="">CalculateField 210128_Terrenos_Vta_Anual2020 PROPIEDADS [PROPIEDA_1] VB #</Process><Process ToolSource="c:\program files (x86)\arcgis\desktop10.3\ArcToolbox\Toolboxes\Data Management Tools.tbx\CalculateField" Date="20210517" Time="120916" Name="" export="">CalculateField 210128_Terrenos_Vta_Anual2020 PROPIEDADS [PROPIEDA_1] VB #</Process><Process ToolSource="c:\program files (x86)\arcgis\desktop10.3\ArcToolbox\Toolboxes\Data Management Tools.tbx\CalculateField" Date="20210517" Time="123247" Name="" export="">CalculateField 210128_Terrenos_Vta_Anual2020 PROPI_S [PROPIEDADS] VB #</Process><Process ToolSource="c:\program files (x86)\arcgis\desktop10.3\ArcToolbox\Toolboxes\Data Management Tools.tbx\CalculateField" Date="20210517" Time="123313" Name="" export="">CalculateField 210128_Terrenos_Vta_Anual2020 PROPI_S [PROPIEDADS] VB #</Process><Process ToolSource="c:\program files (x86)\arcgis\desktop10.3\ArcToolbox\Toolboxes\Data Management Tools.tbx\CalculateField" Date="20210517" Time="123423" Name="" export="">CalculateField 210128_Terrenos_Vta_Anual2020 PROPIEDADS [PROPI_S] VB #</Process><Process ToolSource="c:\program files (x86)\arcgis\desktop10.3\ArcToolbox\Toolboxes\Data Management Tools.tbx\CalculateField" Date="20210517" Time="123611" Name="" export="">CalculateField 210128_Terrenos_Vta_Anual2020 DOLARES [PrecioUsd] VB #</Process><Process ToolSource="c:\program files (x86)\arcgis\desktop10.3\ArcToolbox\Toolboxes\Data Management Tools.tbx\CalculateField" Date="20210517" Time="123649" Name="" export="">CalculateField 210128_Terrenos_Vta_Anual2020 PRECIOUSD [DOLARES] VB #</Process><Process ToolSource="c:\program files (x86)\arcgis\desktop10.3\ArcToolbox\Toolboxes\Data Management Tools.tbx\CalculateField" Date="20210517" Time="123659" Name="" export="">CalculateField 210128_Terrenos_Vta_Anual2020 PRECIOUSD [DOLARES] VB #</Process><Process ToolSource="c:\program files (x86)\arcgis\desktop10.3\ArcToolbox\Toolboxes\Data Management Tools.tbx\CalculateField" Date="20210517" Time="124006" Name="" export="">CalculateField 210128_Terrenos_Vta_Anual2020 PROPIS [PROPIEDADS] VB #</Process><Process ToolSource="c:\program files (x86)\arcgis\desktop10.3\ArcToolbox\Toolboxes\Data Management Tools.tbx\CalculateField" Date="20210517" Time="124040" Name="" export="">CalculateField 210128_Terrenos_Vta_Anual2020 PROPIEDADS [PROPIS] VB #</Process><Process ToolSource="c:\program files (x86)\arcgis\desktop10.3\ArcToolbox\Toolboxes\Data Management Tools.tbx\CalculateField" Date="20210517" Time="124130" Name="" export="">CalculateField 210128_Terrenos_Vta_Anual2020 DOLARES [PRECIOUSD] VB #</Process><Process ToolSource="c:\program files (x86)\arcgis\desktop10.3\ArcToolbox\Toolboxes\Data Management Tools.tbx\CalculateField" Date="20210517" Time="124242" Name="" export="">CalculateField 210128_Terrenos_Vta_Anual2020 PRECIOUSD [DOLARES] VB #</Process><Process ToolSource="c:\program files (x86)\arcgis\desktop10.3\ArcToolbox\Toolboxes\Data Management Tools.tbx\CalculateField" Date="20210517" Time="124345" Name="" export="">CalculateField 210128_Terrenos_Vta_Anual2020 PESOS [PrecioPeso] VB #</Process><Process ToolSource="c:\program files (x86)\arcgis\desktop10.3\ArcToolbox\Toolboxes\Data Management Tools.tbx\CalculateField" Date="20210517" Time="124431" Name="" export="">CalculateField 210128_Terrenos_Vta_Anual2020 PRECIOPESO [PESOS] VB #</Process><Process ToolSource="c:\program files (x86)\arcgis\desktop10.3\ArcToolbox\Toolboxes\Data Management Tools.tbx\CalculateField" Date="20210517" Time="124740" Name="" export="">CalculateField 210128_Terrenos_Vta_Anual2020 DOLARXM2 [UsdPorM2] VB #</Process><Process ToolSource="c:\program files (x86)\arcgis\desktop10.3\ArcToolbox\Toolboxes\Data Management Tools.tbx\CalculateField" Date="20210517" Time="124841" Name="" export="">CalculateField 210128_Terrenos_Vta_Anual2020 DOLARM2 [DOLARXM2] VB #</Process><Process ToolSource="c:\program files (x86)\arcgis\desktop10.3\ArcToolbox\Toolboxes\Data Management Tools.tbx\CalculateField" Date="20210517" Time="124930" Name="" export="">CalculateField 210128_Terrenos_Vta_Anual2020 PESOSM2 [PesosPorM2] VB #</Process><Process ToolSource="c:\program files (x86)\arcgis\desktop10.3\ArcToolbox\Toolboxes\Data Management Tools.tbx\CalculateField" Date="20210517" Time="125055" Name="" export="">CalculateField 210128_Terrenos_Vta_Anual2020 COTIZACION [COTIZ] VB #</Process><Process ToolSource="c:\program files (x86)\arcgis\desktop10.3\ArcToolbox\Toolboxes\Data Management Tools.tbx\CalculateField" Date="20210517" Time="125158" Name="" export="">CalculateField 210128_Terrenos_Vta_Anual2020 TRIMESTRE_ [Trimestre] VB #</Process><Process ToolSource="c:\program files (x86)\arcgis\desktop10.3\ArcToolbox\Toolboxes\Data Management Tools.tbx\CalculateField" Date="20210517" Time="125217" Name="" export="">CalculateField 210128_Terrenos_Vta_Anual2020 TRIMESTRE_ [Trimestre] VB #</Process><Process ToolSource="c:\program files (x86)\arcgis\desktop10.3\ArcToolbox\Toolboxes\Data Management Tools.tbx\CalculateField" Date="20210517" Time="125305" Name="" export="">CalculateField 210128_Terrenos_Vta_Anual2020 TRI [Trimestre] VB #</Process><Process ToolSource="c:\program files (x86)\arcgis\desktop10.3\ArcToolbox\Toolboxes\Data Management Tools.tbx\CalculateField" Date="20210517" Time="125345" Name="" export="">CalculateField 210128_Terrenos_Vta_Anual2020 TRIMESTRE_ [Trimestre] VB #</Process><Process ToolSource="c:\program files (x86)\arcgis\desktop10.3\ArcToolbox\Toolboxes\Data Management Tools.tbx\CalculateField" Date="20210517" Time="125453" Name="" export="">CalculateField 210128_Terrenos_Vta_Anual2020 BARRIO [BARRIOS] VB #</Process><Process ToolSource="c:\program files (x86)\arcgis\desktop10.3\ArcToolbox\Toolboxes\Data Management Tools.tbx\CalculateField" Date="20210517" Time="125704" Name="" export="">CalculateField 210128_Terrenos_Vta_Anual2020 COMUNA_ [COMUNA] VB #</Process></lineage><itemProps><itemName Sync="TRUE">210128_Terrenos_Vta_Anual2020</itemName><imsContentType Sync="TRUE" export="False">002</imsContentType><itemLocation><linkage Sync="TRUE">file://\\MDU01-DGDRAD24\D$\00_data\OCTAVIO\SHP FEDE2020\TERRENOS\210128_Terrenos_Vta_Anual2020.shp</linkage><protocol Sync="TRUE">Local Area Network</protocol></itemLocation><nativeExtBox><westBL Sync="TRUE">93821.418300</westBL><eastBL Sync="TRUE">109955.043200</eastBL><southBL Sync="TRUE">92719.360700</southBL><northBL Sync="TRUE">110194.555800</northBL><exTypeCode Sync="TRUE">1</exTypeCode></nativeExtBox><itemSize Sync="TRUE">0.275</itemSize></itemProps><coordRef><type Sync="TRUE">Projected</type><geogcsn Sync="TRUE">GCS_Campo_Inchauspe</geogcsn><csUnits Sync="TRUE">Linear Unit: Meter (1.000000)</csUnits><projcsn Sync="TRUE">Argentina_GKBsAs</projcsn><peXml Sync="TRUE">&lt;ProjectedCoordinateSystem xsi:type='typens:ProjectedCoordinateSystem' xmlns:xsi='http://www.w3.org/2001/XMLSchema-instance' xmlns:xs='http://www.w3.org/2001/XMLSchema' xmlns:typens='http://www.esri.com/schemas/ArcGIS/10.3'&gt;&lt;WKT&gt;PROJCS[&amp;quot;Argentina_GKBsAs&amp;quot;,GEOGCS[&amp;quot;GCS_Campo_Inchauspe&amp;quot;,DATUM[&amp;quot;D_Campo_Inchauspe&amp;quot;,SPHEROID[&amp;quot;International_1924&amp;quot;,6378388.0,297.0]],PRIMEM[&amp;quot;Greenwich&amp;quot;,0.0],UNIT[&amp;quot;Degree&amp;quot;,0.0174532925199433]],PROJECTION[&amp;quot;Transverse_Mercator&amp;quot;],PARAMETER[&amp;quot;False_Easting&amp;quot;,100000.0],PARAMETER[&amp;quot;False_Northing&amp;quot;,100000.0],PARAMETER[&amp;quot;Central_Meridian&amp;quot;,-58.4627],PARAMETER[&amp;quot;Scale_Factor&amp;quot;,0.999998],PARAMETER[&amp;quot;Latitude_Of_Origin&amp;quot;,-34.6297166],UNIT[&amp;quot;Meter&amp;quot;,1.0]]&lt;/WKT&gt;&lt;XOrigin&gt;-5523400&lt;/XOrigin&gt;&lt;YOrigin&gt;-6068900&lt;/YOrigin&gt;&lt;XYScale&gt;450249651.57241428&lt;/XYScale&gt;&lt;ZOrigin&gt;-100000&lt;/ZOrigin&gt;&lt;ZScale&gt;10000&lt;/ZScale&gt;&lt;MOrigin&gt;-100000&lt;/MOrigin&gt;&lt;MScale&gt;10000&lt;/MScale&gt;&lt;XYTolerance&gt;0.001&lt;/XYTolerance&gt;&lt;ZTolerance&gt;0.001&lt;/ZTolerance&gt;&lt;MTolerance&gt;0.001&lt;/MTolerance&gt;&lt;HighPrecision&gt;true&lt;/HighPrecision&gt;&lt;/ProjectedCoordinateSystem&gt;</peXml></coordRef></DataProperties><SyncDate>20210517</SyncDate><SyncTime>14561100</SyncTime><ModDate>20210517</ModDate><ModTime>14561100</ModTime><scaleRange><minScale>150000000</minScale><maxScale>5000</maxScale></scaleRange><ArcGISProfile>NAP</ArcGISProfile></Esri><dataIdInfo><envirDesc Sync="TRUE"> Version 6.2 (Build 9200) ; Esri ArcGIS 10.3.0.4322</envirDesc><dataLang><languageCode value="spa" Sync="TRUE"/><countryCode value="ARG" Sync="TRUE"/></dataLang><idCitation xmlns=""><resTitle Sync="TRUE">210128_Terrenos_Vta_Anual2020</resTitle><presForm xmlns=""><PresFormCd value="005" Sync="TRUE"/></presForm><date><createDate>2021-05-17T00:00:00</createDate><pubDate>2021-05-17T00:00:00</pubDate><reviseDate>2021-05-17T00:00:00</reviseDate></date><citRespParty xmlns=""><rpIndName>Aníbal del Olmo</rpIndName><rpOrgName>Dirección de Antropología Urbana. Secretaría de Desarrollo Urbano. Gobierno de la Ciudad Autónoma de Buenos Aires.</rpOrgName><rpPosName>Director de la Dirección de Antropología Urbana</rpPosName><role><RoleCd value="007"></RoleCd></role><rpCntInfo xmlns=""><cntAddress addressType=""><delPoint>Av. Martin García 346, 4° Piso</delPoint><city>CABA</city><postCode>1154</postCode><eMailAdd>adelolmo@buenosaires.gob.ar</eMailAdd><country>AR</country></cntAddress><cntPhone><voiceNum tddtty="">50309700 (Int.: 4350)</voiceNum></cntPhone></rpCntInfo></citRespParty></idCitation><spatRpType><SpatRepTypCd value="001" Sync="TRUE"/></spatRpType><dataExt><geoEle xmlns=""><GeoBndBox esriExtentType="search"><exTypeCode Sync="TRUE">1</exTypeCode><westBL Sync="TRUE">-58.530130</westBL><eastBL Sync="TRUE">-58.354055</eastBL><northBL Sync="TRUE">-34.537772</northBL><southBL Sync="TRUE">-34.695345</southBL></GeoBndBox></geoEle></dataExt><idAbs>&lt;DIV STYLE="text-align:Left;"&gt;&lt;P STYLE="margin:8 0 0 0;"&gt;&lt;SPAN&gt;En el presente shape se encuentran georreferenciados&lt;/SPAN&gt;&lt;SPAN&gt; dentro de la Ciudad Autónoma de Buenos Aires,&lt;/SPAN&gt;&lt;SPAN&gt; los terrenos&lt;/SPAN&gt;&lt;SPAN&gt; ofertados&lt;/SPAN&gt;&lt;SPAN&gt; en venta &lt;/SPAN&gt;&lt;SPAN&gt;en el año 2020. Los mismos ubicados por dirección, latitud y longitud. &lt;/SPAN&gt;&lt;/P&gt;&lt;P STYLE="margin:8 0 0 0;"&gt;&lt;SPAN /&gt;&lt;SPAN&gt;Entre la información que se brinda es posible encontrar la superficie de&lt;/SPAN&gt;&lt;SPAN&gt;l terreno &lt;/SPAN&gt;&lt;SPAN&gt;(en metros cuadrados), el valor total cotizado en dólares y &lt;/SPAN&gt;&lt;SPAN&gt;en &lt;/SPAN&gt;&lt;SPAN&gt;pesos, el valor del m², &lt;/SPAN&gt;&lt;SPAN&gt;y el barrio donde se ubica, &lt;/SPAN&gt;&lt;SPAN&gt;entre otros. &lt;/SPAN&gt;&lt;/P&gt;&lt;DIV&gt;&lt;P&gt;&lt;SPAN /&gt;&lt;/P&gt;&lt;/DIV&gt;&lt;/DIV&gt;</idAbs><dataChar><CharSetCd value="004"></CharSetCd></dataChar><tpCat><TopicCatCd value="013"/></tpCat><tpCat><TopicCatCd value="015"/></tpCat><tpCat><TopicCatCd value="017"/></tpCat></dataIdInfo><mdLang><languageCode value="spa" Sync="TRUE"/><countryCode value="ARG" Sync="TRUE"/></mdLang><distInfo xmlns=""><distFormat xmlns=""><formatName Sync="TRUE">Shapefile</formatName><formatVer>NIL REASON MISSING</formatVer></distFormat><distTranOps xmlns=""><transSize Sync="TRUE">0.275</transSize></distTranOps></distInfo><mdHrLv><ScopeCd value="005" Sync="TRUE"/></mdHrLv><mdHrLvName Sync="TRUE">dataset</mdHrLvName><refSysInfo><RefSystem dimension=""><refSysID xmlns=""><identCode code="0" Sync="TRUE"/></refSysID></RefSystem></refSysInfo><spatRepInfo><VectSpatRep><geometObjs Name="210128_Terrenos_Vta_Anual2020"><geoObjTyp><GeoObjTypCd value="004" Sync="TRUE"></GeoObjTypCd></geoObjTyp><geoObjCnt Sync="TRUE">10301</geoObjCnt></geometObjs><topLvl><TopoLevCd value="001" Sync="TRUE"></TopoLevCd></topLvl></VectSpatRep></spatRepInfo><spdoinfo><ptvctinf><esriterm Name="210128_Terrenos_Vta_Anual2020"><efeatyp Sync="TRUE">Simple</efeatyp><efeageom code="1" Sync="TRUE"></efeageom><esritopo Sync="TRUE">FALSE</esritopo><efeacnt Sync="TRUE">10301</efeacnt><spindex Sync="TRUE">TRUE</spindex><linrefer Sync="TRUE">FALSE</linrefer></esriterm></ptvctinf></spdoinfo><eainfo><detailed Name="210128_Terrenos_Vta_Anual2020" xmlns=""><enttyp><enttypl Sync="TRUE">210128_Terrenos_Vta_Anual2020</enttypl><enttypt Sync="TRUE">Feature Class</enttypt><enttypc Sync="TRUE">10301</enttypc></enttyp><attr xmlns=""><attrlabl Sync="TRUE">FID</attrlabl><attalias Sync="TRUE">FID</attalias><attrtype Sync="TRUE">OID</attrtype><attwidth Sync="TRUE">4</attwidth><atprecis Sync="TRUE">0</atprecis><attscale Sync="TRUE">0</attscale><attrdef Sync="FALSE">Número de Identificación del Registro.</attrdef><attrdefs Sync="TRUE">Esri</attrdefs><attrdomv><udom Sync="TRUE">Sequential unique whole numbers that are automatically generated.</udom></attrdomv></attr><attr xmlns=""><attrlabl Sync="TRUE">Shape</attrlabl><attalias Sync="TRUE">Shape</attalias><attrtype Sync="TRUE">Geometry</attrtype><attwidth Sync="TRUE">0</attwidth><atprecis Sync="TRUE">0</atprecis><attscale Sync="TRUE">0</attscale><attrdef Sync="FALSE">Datos Representados a través de Puntos.</attrdef><attrdefs Sync="TRUE">Esri</attrdefs><attrdomv><udom Sync="TRUE">Coordinates defining the features.</udom></attrdomv></attr><attr xmlns=""><attrlabl Sync="TRUE">DIRECCION</attrlabl><attalias Sync="TRUE">DIRECCION</attalias><attrtype Sync="TRUE">String</attrtype><attwidth Sync="TRUE">50</attwidth><atprecis Sync="TRUE">0</atprecis><attscale Sync="TRUE">0</attscale><attrdef>Dirección donde se ubica el Terreno en venta.</attrdef></attr><attr xmlns=""><attrlabl Sync="TRUE">PropiedadS</attrlabl><attalias Sync="TRUE">PROPIEDADS</attalias><attrtype Sync="TRUE">Integer</attrtype><attwidth Sync="TRUE">10</attwidth><atprecis Sync="TRUE">10</atprecis><attscale Sync="TRUE">0</attscale><attrdef>Superficie en m2 del Terreno.</attrdef></attr><attr xmlns=""><attrlabl Sync="TRUE">PrecioUsd</attrlabl><attalias Sync="TRUE">PRECIOUSD</attalias><attrtype Sync="TRUE">Integer</attrtype><attwidth Sync="TRUE">10</attwidth><atprecis Sync="TRUE">10</atprecis><attscale Sync="TRUE">0</attscale><attrdef>Indica el Precio Total del Terreno en dólares.</attrdef></attr><attr xmlns=""><attrlabl Sync="TRUE">PrecioPeso</attrlabl><attalias Sync="TRUE">PRECIOPESO</attalias><attrtype Sync="TRUE">Integer</attrtype><attwidth Sync="TRUE">10</attwidth><atprecis Sync="TRUE">10</atprecis><attscale Sync="TRUE">0</attscale><attrdef>Indica el Precio Total del Terreno en Pesos.</attrdef></attr><attr xmlns=""><attrlabl Sync="TRUE">DOLARM2</attrlabl><attalias Sync="TRUE">DOLARM2</attalias><attrtype Sync="TRUE">Integer</attrtype><attwidth Sync="TRUE">10</attwidth><atprecis Sync="TRUE">10</atprecis><attscale Sync="TRUE">0</attscale><attrdef>Dolar por m2. Indica el precio del m2 en dólares.</attrdef></attr><attr xmlns=""><attrlabl Sync="TRUE">PESOSM2</attrlabl><attalias Sync="TRUE">PESOSM2</attalias><attrtype Sync="TRUE">Integer</attrtype><attwidth Sync="TRUE">10</attwidth><atprecis Sync="TRUE">10</atprecis><attscale Sync="TRUE">0</attscale><attrdef>Dolar por m2. Indica el precio del m2 en pesos.</attrdef></attr><attr xmlns=""><attrlabl Sync="TRUE">COTIZACION</attrlabl><attalias Sync="TRUE">COTIZACION</attalias><attrtype Sync="TRUE">Integer</attrtype><attwidth Sync="TRUE">10</attwidth><atprecis Sync="TRUE">10</atprecis><attscale Sync="TRUE">0</attscale><attrdef>Refiere al tipo de cotización del dolar al momento de la recopilación de datos.</attrdef></attr><attr xmlns=""><attrlabl Sync="TRUE">TRIMESTRE_</attrlabl><attalias Sync="TRUE">TRIMESTRE_</attalias><attrtype Sync="TRUE">String</attrtype><attwidth Sync="TRUE">20</attwidth><atprecis Sync="TRUE">0</atprecis><attscale Sync="TRUE">0</attscale><attrdef>Hace referencia al trimestre del año donde se cargo la oferta del Terreno en Venta.</attrdef></attr><attr xmlns=""><attrlabl Sync="TRUE">BARRIO</attrlabl><attalias Sync="TRUE">BARRIO</attalias><attrtype Sync="TRUE">String</attrtype><attwidth Sync="TRUE">20</attwidth><atprecis Sync="TRUE">0</atprecis><attscale Sync="TRUE">0</attscale><attrdef>Corresponde al barrio donde se localiza el terreno.</attrdef></attr><attr xmlns=""><attrlabl Sync="TRUE">COMUNA_</attrlabl><attalias Sync="TRUE">COMUNA_</attalias><attrtype Sync="TRUE">Integer</attrtype><attwidth Sync="TRUE">10</attwidth><atprecis Sync="TRUE">10</atprecis><attscale Sync="TRUE">0</attscale><attrdef>Refiere a la comuna donde se localiza el Terreno.</attrdef></attr></detailed></eainfo><mdDateSt Sync="TRUE">20210517</mdDateSt><mdChar><CharSetCd value="004" Sync="TRUE"/></mdChar><mdFileID>E825C451-C869-4AA5-BE6A-288BE157DEA5</mdFileID><mdContact xmlns=""><rpIndName>Octavio Otero Sanchez</rpIndName><rpOrgName>Dirección de Antropología Urbana. Secretaría de Desarrollo Urbano. Gobierno de la Ciudad Autónoma de Buenos Aires.</rpOrgName><rpPosName>Analista</rpPosName><role><RoleCd value="006"></RoleCd></role><rpCntInfo xmlns=""><cntAddress addressType=""><delPoint>Av. Martin García 346, 4° Piso</delPoint><city>CABA</city><postCode>1154</postCode><eMailAdd>octavio.os@hotmail.com</eMailAdd><country>AR</country></cntAddress><cntPhone><voiceNum tddtty="">50309700 (Int.: 4350)</voiceNum></cntPhone></rpCntInfo></mdContact><mdConst><LegConsts xmlns=""><accessConsts><RestrictCd value="002"></RestrictCd></accessConsts></LegConsts></mdConst><dqInfo><dataLineage><statement>Este shape fue creado a partir de un archivo de base de datos (Excel) con información de Terrenos en venta ofertados en el año 2020. Dicho archivo se produce a través de la recopilación de distintos registros de terrenos  con sus datos relevantes para el análisis.
Recopilada la información necesaria para el análisis, se realiza un proceso de georreferenciación por Dirección, Latitud y Longitud. 
La tabla resultante posee varios campos, entre los más importantes se encuentran: Dirección, Superficie, Precio USD, Precio ARS, Precio USDm², Precio ARSm² y Cotización, entre otros.
</statement></dataLineage></dqInfo></metadata>
